Product ID,Variant ID,Handle,Title,Original Price,Discounted Price,Discount %,Category
7334704873673,40426069590217,samsung-galaxy-s25-256gb-silver-shadow-refurbished-very-good,Samsung Galaxy S25 256GB (Silver Shadow) [~Refurbished: Very Good],879.2,879.2,0,COMMUNICATIONS
7337871868105,40429482180809,samsung-galaxy-s23-5g-256gb-lavender-refurbished-very-good-1,Samsung Galaxy S23+ 5G 256GB (Lavender) [~Refurbished: Very Good],667.14,667.14,0,COMMUNICATIONS
7337871605961,40429481918665,samsung-galaxy-s25-ultra-512gb-titanium-black-refurbished-very-good,Samsung Galaxy S25 Ultra 512GB (Titanium Black) [~Refurbished: Very Good],1575.91,1575.91,0,COMMUNICATIONS
7337871507657,40429481820361,samsung-galaxy-s25-ultra-256gb-titanium-black-refurbished-very-good,Samsung Galaxy S25 Ultra 256GB (Titanium Black) [~Refurbished: Very Good],1474.13,1474.13,0,COMMUNICATIONS
7337871212745,40429481525449,samsung-galaxy-s24-5g-256gb-marble-grey-refurbished-very-good-1,Samsung Galaxy S24 5G 256GB (Marble Grey) [~Refurbished: Very Good],817.89,817.89,0,COMMUNICATIONS
7337870524617,40429480837321,samsung-galaxy-s25-ultra-256gb-titanium-silver-refurbished-excellent-1,Samsung Galaxy S25 Ultra 256GB (Titanium Silver) [~Refurbished: Excellent],1517.75,1517.75,0,COMMUNICATIONS
7337884156105,40429495288009,apple-ipad-128gb-wi-fi-cellular-silver-7th-gen-refurbished-good,Apple iPad 128GB Wi-Fi + Cellular (Silver) [7th Gen] [~Refurbished: Good],329.41,329.41,0,COMPUTERS
7337873146057,40429483458761,samsung-galaxy-s25-ultra-256gb-titanium-black-refurbished-good,Samsung Galaxy S25 Ultra 256GB (Titanium Black) [~Refurbished: Good],1421.81,1421.81,0,COMMUNICATIONS
7337872556233,40429482868937,samsung-galaxy-s23-5g-256gb-lavender-refurbished-good-1,Samsung Galaxy S23+ 5G 256GB (Lavender) [~Refurbished: Good],630.98,630.98,0,COMMUNICATIONS
7337868722377,40429479035081,samsung-galaxy-s23-ultra-5g-256gb-lavender-refurbished-as-new,Samsung Galaxy S23 Ultra 5G 256GB (Lavender) [~Refurbished: As New],1139.7,1139.7,0,COMMUNICATIONS
7335895138505,40427320115401,apple-iphone-15-pro-128gb-black-titanium-refurbished-excellent,Apple iPhone 15 Pro 128GB (Black Titanium) [~Refurbished: Excellent],1378.68,1378.68,0,COMMUNICATIONS
7335743062217,40427164664009,samsung-galaxy-s24-ultra-5g-256gb-titanium-black-refurbished-very-good,Samsung Galaxy S24 Ultra 5G 256GB (Titanium Black) [~Refurbished: Very Good],1125.18,1125.18,0,COMMUNICATIONS
7334704251081,40426068967625,samsung-galaxy-s25-256gb-navy-refurbished-excellent-1,Samsung Galaxy S25+ 256GB (Navy) [~Refurbished: Excellent],1306.92,1306.92,0,COMMUNICATIONS
7337884614857,40429495746761,apple-ipad-10-2-inch-256gb-wi-fi-cellular-silver-9th-gen-refurbished-good,Apple iPad 10.2-inch 256GB Wi-Fi + Cellular (Silver) [9th Gen] [~Refurbished: Good],545.09,545.09,0,COMPUTERS
7337871737033,40429482049737,samsung-galaxy-s25-ultra-512gb-titanium-blue-refurbished-very-good,Samsung Galaxy S25 Ultra 512GB (Titanium Blue) [~Refurbished: Very Good],1575.91,1575.91,0,COMMUNICATIONS
7337870786761,40429481099465,samsung-galaxy-s25-ultra-512gb-titanium-blue-refurbished-excellent,Samsung Galaxy S25 Ultra 512GB (Titanium Blue) [~Refurbished: Excellent],1738.14,1738.14,0,COMMUNICATIONS
7337869443273,40429479755977,samsung-galaxy-s25-ultra-512gb-titanium-blue-refurbished-as-new,Samsung Galaxy S25 Ultra 512GB (Titanium Blue) [~Refurbished: As New],1853.18,1853.18,0,COMMUNICATIONS
7337868656841,40429478969545,samsung-galaxy-s23-5g-256gb-green-refurbished-as-new,Samsung Galaxy S23+ 5G 256GB (Green) [~Refurbished: As New],832.28,832.28,0,COMMUNICATIONS
7335899267273,40427324244169,apple-iphone-16-pro-256gb-desert-titanium-refurbished-excellent,Apple iPhone 16 Pro 256GB (Desert Titanium) [~Refurbished: Excellent],1932.16,1932.16,0,COMMUNICATIONS
7335743160521,40427164762313,samsung-galaxy-s24-ultra-5g-256gb-titanium-violet-refurbished-excellent,Samsung Galaxy S24 Ultra 5G 256GB (Titanium Violet) [~Refurbished: Excellent],1079.2,1079.2,0,COMMUNICATIONS
7334704906441,40426069622985,google-pixel-9-pro-5g-128gb-obsidian-refurbished-very-good,Google Pixel 9 Pro 5G 128GB (Obsidian) [~Refurbished: Very Good],1039.2,1039.2,0,COMMUNICATIONS
7334704185545,40426068902089,samsung-galaxy-s25-ultra-256gb-titanium-black-refurbished-excellent,Samsung Galaxy S25 Ultra 256GB (Titanium Black) [~Refurbished: Excellent],1383.2,1383.2,0,COMMUNICATIONS
7334704152777,40426068869321,samsung-galaxy-s25-ultra-256gb-titanium-silver-refurbished-excellent,Samsung Galaxy S25 Ultra 256GB (Titanium Silver) [~Refurbished: Excellent],1383.2,1383.2,0,COMMUNICATIONS
7337873506505,40429483819209,samsung-galaxy-s25-ultra-256gb-titanium-silver-refurbished-good,Samsung Galaxy S25 Ultra 256GB (Titanium Silver) [~Refurbished: Good],1421.81,1421.81,0,COMMUNICATIONS
7337869705417,40429480018121,samsung-galaxy-s25-ultra-256gb-titanium-silver-refurbished-as-new,Samsung Galaxy S25 Ultra 256GB (Titanium Silver) [~Refurbished: As New],1601.54,1601.54,0,COMMUNICATIONS
7337872621769,40429482934473,samsung-galaxy-s23-ultra-5g-256gb-green-refurbished-good,Samsung Galaxy S23 Ultra 5G 256GB (Green) [~Refurbished: Good],832.28,832.28,0,COMMUNICATIONS
7337871343817,40429481623753,samsung-galaxy-s24-5g-256gb-onyx-black-refurbished-very-good-1,Samsung Galaxy S24+ 5G 256GB (Onyx Black) [~Refurbished: Very Good],875.41,875.41,0,COMMUNICATIONS
7337871278281,40429481590985,samsung-galaxy-s23-5g-256gb-green-refurbished-very-good-1,Samsung Galaxy S23+ 5G 256GB (Green) [~Refurbished: Very Good],667.14,667.14,0,COMMUNICATIONS
7337870360777,40429480673481,samsung-galaxy-s24-5g-256gb-cobalt-violet-refurbished-excellent-1,Samsung Galaxy S24+ 5G 256GB (Cobalt Violet) [~Refurbished: Excellent],965.21,965.21,0,COMMUNICATIONS
7337870164169,40429480476873,samsung-galaxy-s23-5g-256gb-cream-refurbished-excellent-1,Samsung Galaxy S23 5G 256GB (Cream) [~Refurbished: Excellent],789.13,789.13,0,COMMUNICATIONS
7337869902025,40429480214729,samsung-galaxy-s23-5g-128gb-cream-refurbished-excellent,Samsung Galaxy S23 5G 128GB (Cream) [~Refurbished: Excellent],659.73,659.73,0,COMMUNICATIONS
7337873670345,40429483983049,samsung-galaxy-z-fold6-5g-256gb-navy-refurbished-good,Samsung Galaxy Z Fold6 5G 256GB (Navy) [~Refurbished: Good],1263.29,1263.29,0,COMMUNICATIONS
7337873309897,40429483622601,samsung-galaxy-s25-256gb-silver-shadow-refurbished-good,Samsung Galaxy S25 256GB (Silver Shadow) [~Refurbished: Good],1052.46,1052.46,0,COMMUNICATIONS
7337872425161,40429482737865,samsung-galaxy-s23-5g-256gb-green-refurbished-good,Samsung Galaxy S23+ 5G 256GB (Green) [~Refurbished: Good],630.98,630.98,0,COMMUNICATIONS
7337872195785,40429482508489,samsung-galaxy-z-fold6-5g-256gb-silver-shadow-refurbished-very-good,Samsung Galaxy Z Fold6 5G 256GB (Silver Shadow) [~Refurbished: Very Good],1321.45,1321.45,0,COMMUNICATIONS
7337871802569,40429482115273,samsung-galaxy-s23-5g-256gb-cream-refurbished-very-good,Samsung Galaxy S23 5G 256GB (Cream) [~Refurbished: Very Good],681.3,681.3,0,COMMUNICATIONS
7337871409353,40429481722057,samsung-galaxy-s24-5g-256gb-marble-grey-refurbished-very-good,Samsung Galaxy S24+ 5G 256GB (Marble Grey) [~Refurbished: Very Good],875.41,875.41,0,COMMUNICATIONS
7337870459081,40429480771785,samsung-galaxy-s24-5g-256gb-amber-yellow-refurbished-excellent,Samsung Galaxy S24+ 5G 256GB (Amber Yellow) [~Refurbished: Excellent],965.21,965.21,0,COMMUNICATIONS
7337870295241,40429480607945,samsung-galaxy-s24-5g-256gb-amber-yellow-refurbished-excellent-1,Samsung Galaxy S24 5G 256GB (Amber Yellow) [~Refurbished: Excellent],846.66,846.66,0,COMMUNICATIONS
7337870196937,40429480509641,samsung-galaxy-s23-5g-256gb-green-refurbished-excellent-1,Samsung Galaxy S23+ 5G 256GB (Green) [~Refurbished: Excellent],724.44,724.44,0,COMMUNICATIONS
7337870065865,40429480378569,samsung-galaxy-s23-5g-256gb-phantom-black-refurbished-excellent,Samsung Galaxy S23+ 5G 256GB (Phantom Black) [~Refurbished: Excellent],724.44,724.44,0,COMMUNICATIONS
7337870000329,40429480313033,samsung-galaxy-s24-5g-256gb-marble-grey-refurbished-excellent,Samsung Galaxy S24 5G 256GB (Marble Grey) [~Refurbished: Excellent],846.66,846.66,0,COMMUNICATIONS
7337868558537,40429478871241,samsung-galaxy-s23-5g-128gb-lavender-refurbished-as-new,Samsung Galaxy S23 5G 128GB (Lavender) [~Refurbished: As New],738.81,738.81,0,COMMUNICATIONS
7337528426697,40429117964489,samsung-galaxy-s23-ultra-5g-256gb-phantom-black-refurbished-good-refurbished-good,Samsung Galaxy S23 Ultra 5G 256GB (Phantom Black) [~Refurbished: Good] [~Refurbished: Good],832.28,832.28,0,COMMUNICATIONS
7335743193289,40427164795081,samsung-galaxy-s24-ultra-5g-256gb-titanium-grey-refurbished-excellent,Samsung Galaxy S24 Ultra 5G 256GB (Titanium Grey) [~Refurbished: Excellent],1079.2,1079.2,0,COMMUNICATIONS
7335742996681,40427164598473,samsung-galaxy-s24-5g-256gb-onyx-black-refurbished-very-good,Samsung Galaxy S24 5G 256GB (Onyx Black) [~Refurbished: Very Good],817.89,817.89,0,COMMUNICATIONS
7334703661257,40426068377801,google-pixel-9-5g-128gb-obsidian-refurbished-excellent,Google Pixel 9 5G 128GB (Obsidian) [~Refurbished: Excellent],879.2,879.2,0,COMMUNICATIONS
7334440370377,40425784017097,apple-iphone-14-pro-max-128gb-space-black-refurbished-very-good,Apple iPhone 14 Pro Max 128GB (Space Black) [~Refurbished: Very Good],1141.41,1141.41,0,COMMUNICATIONS
7337873604809,40429483950281,samsung-galaxy-z-fold6-5g-256gb-silver-shadow-refurbished-good,Samsung Galaxy Z Fold6 5G 256GB (Silver Shadow) [~Refurbished: Good],1263.29,1263.29,0,COMMUNICATIONS
7337873080521,40429483393225,samsung-galaxy-s25-256gb-navy-refurbished-good,Samsung Galaxy S25 256GB (Navy) [~Refurbished: Good],1052.46,1052.46,0,COMMUNICATIONS
7337872261321,40429482574025,samsung-galaxy-s23-5g-128gb-lavender-refurbished-good,Samsung Galaxy S23 5G 128GB (Lavender) [~Refurbished: Good],566.26,566.26,0,COMMUNICATIONS
7337871114441,40429481427145,samsung-galaxy-s23-5g-256gb-green-refurbished-very-good,Samsung Galaxy S23 5G 256GB (Green) [~Refurbished: Very Good],681.3,681.3,0,COMMUNICATIONS
7337871081673,40429481394377,samsung-galaxy-s23-5g-128gb-lavender-refurbished-very-good,Samsung Galaxy S23 5G 128GB (Lavender) [~Refurbished: Very Good],616.59,616.59,0,COMMUNICATIONS
7337870033097,40429480345801,samsung-galaxy-s23-5g-256gb-green-refurbished-excellent,Samsung Galaxy S23 5G 256GB (Green) [~Refurbished: Excellent],789.13,789.13,0,COMMUNICATIONS
7337869312201,40429479624905,samsung-galaxy-s24-ultra-5g-256gb-titanium-grey-refurbished-as-new,Samsung Galaxy S24 Ultra 5G 256GB (Titanium Grey) [~Refurbished: As New],1321.45,1321.45,0,COMMUNICATIONS
7337869279433,40429479592137,samsung-galaxy-s24-ultra-5g-256gb-titanium-black-refurbished-as-new,Samsung Galaxy S24 Ultra 5G 256GB (Titanium Black) [~Refurbished: As New],1321.45,1321.45,0,COMMUNICATIONS
7335743094985,40427164729545,samsung-galaxy-s24-ultra-5g-256gb-titanium-grey-refurbished-very-good,Samsung Galaxy S24 Ultra 5G 256GB (Titanium Grey) [~Refurbished: Very Good],1125.18,1125.18,0,COMMUNICATIONS
7334704971977,40426069688521,samsung-galaxy-s25-256gb-navy-refurbished-very-good,Samsung Galaxy S25 256GB (Navy) [~Refurbished: Very Good],879.2,879.2,0,COMMUNICATIONS
7337872949449,40429483262153,samsung-galaxy-s24-ultra-5g-256gb-titanium-grey-refurbished-good,Samsung Galaxy S24 Ultra 5G 256GB (Titanium Grey) [~Refurbished: Good],1081.54,1081.54,0,COMMUNICATIONS
7337871016137,40429481361609,samsung-galaxy-s23-5g-128gb-cream-refurbished-very-good,Samsung Galaxy S23 5G 128GB (Cream) [~Refurbished: Very Good],616.59,616.59,0,COMMUNICATIONS
7335900971209,40427325948105,apple-iphone-16-pro-256gb-white-titanium-refurbished-excellent,Apple iPhone 16 Pro 256GB (White Titanium) [~Refurbished: Excellent],1932.16,1932.16,0,COMMUNICATIONS
7335904248009,40427329224905,apple-iphone-16-pro-max-512gb-desert-titanium-refurbished-excellent,Apple iPhone 16 Pro Max 512GB (Desert Titanium) [~Refurbished: Excellent],2227.01,2227.01,0,COMMUNICATIONS
7335904215241,40427329192137,apple-iphone-16-pro-max-256gb-desert-titanium-refurbished-very-good,Apple iPhone 16 Pro Max 256GB (Desert Titanium) [~Refurbished: Very Good],1859.45,1859.45,0,COMMUNICATIONS
7335896088777,40427321065673,apple-iphone-15-pro-256gb-natural-titanium-refurbished-excellent,Apple iPhone 15 Pro 256GB (Natural Titanium) [~Refurbished: Excellent],1529.64,1529.64,0,COMMUNICATIONS
7337870885065,40429481197769,samsung-galaxy-z-fold6-5g-1tb-pink-refurbished-excellent,Samsung Galaxy Z Fold6 5G 1TB (Pink) [~Refurbished: Excellent],1450.56,1450.56,0,COMMUNICATIONS
7335904444617,40427329421513,apple-iphone-16-pro-max-256gb-white-titanium-refurbished-excellent,Apple iPhone 16 Pro Max 256GB (White Titanium) [~Refurbished: Excellent],2041.21,2041.21,0,COMMUNICATIONS
7337699180745,40429302087881,apple-iphone-15-plus-256gb-black-refurbished-excellent,Apple iPhone 15 Plus 256GB (Black) [~Refurbished: Excellent],1364.28,1364.28,0,COMMUNICATIONS
7337528721609,40429118259401,apple-iphone-15-pro-max-256gb-black-titanium-refurbished-good,Apple iPhone 15 Pro Max 256GB (Black Titanium) [~Refurbished: Good],1408.7,1408.7,0,COMMUNICATIONS
7337528590537,40429118128329,apple-iphone-15-plus-128gb-black-refurbished-good,Apple iPhone 15 Plus 128GB (Black) [~Refurbished: Good],950.68,950.68,0,COMMUNICATIONS
7335903527113,40427328504009,apple-iphone-16-pro-max-256gb-black-titanium-refurbished-excellent,Apple iPhone 16 Pro Max 256GB (Black Titanium) [~Refurbished: Excellent],2041.21,2041.21,0,COMMUNICATIONS
7337869148361,40429479461065,samsung-galaxy-s24-ultra-5g-256gb-titanium-violet-refurbished-as-new,Samsung Galaxy S24 Ultra 5G 256GB (Titanium Violet) [~Refurbished: As New],1321.45,1321.45,0,COMMUNICATIONS
7335903559881,40427328536777,apple-iphone-16-pro-max-256gb-black-titanium-refurbished-very-good,Apple iPhone 16 Pro Max 256GB (Black Titanium) [~Refurbished: Very Good],1859.45,1859.45,0,COMMUNICATIONS
7337872130249,40429482442953,samsung-galaxy-z-fold6-5g-1tb-pink-refurbished-very-good,Samsung Galaxy Z Fold6 5G 1TB (Pink) [~Refurbished: Very Good],1321.45,1321.45,0,COMMUNICATIONS
7337715433673,40429319192777,apple-iphone-15-pro-max-256gb-white-titanium-refurbished-good,Apple iPhone 15 Pro Max 256GB (White Titanium) [~Refurbished: Good],1408.7,1408.7,0,COMMUNICATIONS
7335904411849,40427329388745,apple-iphone-16-pro-max-256gb-natural-titanium-refurbished-excellent,Apple iPhone 16 Pro Max 256GB (Natural Titanium) [~Refurbished: Excellent],2041.21,2041.21,0,COMMUNICATIONS
7335899332809,40427324309705,apple-iphone-16-pro-256gb-black-titanium-refurbished-very-good,Apple iPhone 16 Pro 256GB (Black Titanium) [~Refurbished: Very Good],1399.2,1399.2,0,COMMUNICATIONS
7335899234505,40427324211401,apple-iphone-16-pro-256gb-black-titanium-refurbished-excellent,Apple iPhone 16 Pro 256GB (Black Titanium) [~Refurbished: Excellent],1932.16,1932.16,0,COMMUNICATIONS
7335896154313,40427321131209,apple-iphone-15-pro-128gb-natural-titanium-refurbished-excellent,Apple iPhone 15 Pro 128GB (Natural Titanium) [~Refurbished: Excellent],1378.68,1378.68,0,COMMUNICATIONS
7334705070281,40426069786825,google-pixel-9-5g-128gb-obsidian-refurbished-very-good,Google Pixel 9 5G 128GB (Obsidian) [~Refurbished: Very Good],799.2,799.2,0,COMMUNICATIONS
7334704087241,40426068803785,google-pixel-9-pro-xl-5g-256gb-obsidian-refurbished-very-good,Google Pixel 9 Pro XL 5G 256GB (Obsidian) [~Refurbished: Very Good],999.2,999.2,0,COMMUNICATIONS
7337872097481,40429482410185,samsung-galaxy-z-fold6-5g-256gb-navy-refurbished-very-good,Samsung Galaxy Z Fold6 5G 256GB (Navy) [~Refurbished: Very Good],1321.45,1321.45,0,COMMUNICATIONS
7335894319305,40427319296201,apple-iphone-15-128gb-pink-refurbished-very-good,Apple iPhone 15 128GB (Pink) [~Refurbished: Very Good],968.88,968.88,0,COMMUNICATIONS
7338094559433,40429722566857,tp-link-archer-tx50u-ax3000-dual-band-wi-fi-6-wireless-usb-adapter,TP-Link Archer TX50U AX3000 Dual-Band Wi-Fi 6 Wireless USB Adapter,79.99,79.99,0,IT
7334305792201,40425638265033,oppo-a5-4g-128gb-midnight-purple,OPPO A5 4G 128GB (Midnight Purple),267.0,267.0,0,COMMUNICATIONS
7338087841993,40429715816649,beware-boiuna-2026-dvd,Beware Boiuna,27.98,27.98,0,MOVIES
7338087448777,40429715423433,vinyl-son-water-still-burning-brown-splash-coloured-vinyl-lp-colour-may-vary,Still Burning (Brown Splash Coloured Vinyl),68.99,68.99,0,MUSIC
7338087416009,40429715390665,cd-son-water-still-burning-cd,Still Burning,28.99,28.99,0,MUSIC
7328568770634,40417931984970,vinyl-clean-the-boodle-boodle-boodle-12-vinyl-12,Boodle Boodle Boodle (12'' Vinyl),49.99,49.99,0,MUSIC
7332467867849,40421566283977,skullcandy-grom-wireless-kids-headphones-black,Skullcandy Grom Wireless Kids Headphones (Black),67.0,67.0,0,AUDIO
7338040295625,40429661552841,belkin-ultracharge-20k-45w-power-bank-with-integrated-cable-and-display-black,Belkin UltraCharge 20K 45W Power Bank with Integrated Cable and Display (Black),119.99,119.99,0,ACCESSORIES
7338040262857,40429661520073,belkin-boostcharge-compact-usb-c-wall-charger-45w,Belkin BoostCharge Compact USB-C Wall Charger 45W,49.99,49.99,0,ACCESSORIES
7338040099017,40429661356233,belkin-boostcharge-slim-magnetic-power-bank-10k-with-stand-black,Belkin BoostCharge Slim Magnetic Power Bank 10K with Stand (Black),139.99,139.99,0,ACCESSORIES
7338083942601,40429711786185,one-nz-smart-m27-black-with-prepay-sim,One NZ Smart M27 (Black) with Prepay SIM,189.0,189.0,0,COMMUNICATIONS
7204486709322,40365467992138,popsockets-swappable-popgrip-translucent-black,Popsockets Swappable PopGrip (Translucent Black),19.99,19.99,0,ACCESSORIES
7338083844297,40429711687881,kindle-paperwhite-colorsoft-2026-signature-edition-plant-based-leather-cover-fig,Kindle Paperwhite/Colorsoft 2026 Signature Edition Plant-Based Leather Cover (Fig),99.99,99.99,0,IT
7338083778761,40429711622345,kindle-paperwhite-colorsoft-2026-signature-edition-plant-based-leather-cover-graphite,Kindle Paperwhite/Colorsoft 2026 Signature Edition Plant-Based Leather Cover (Graphite),99.99,99.99,0,IT
7338083680457,40429711524041,kindle-paperwhite-colorsoft-2026-knit-fabric-cover-seaglass-green,Kindle Paperwhite/Colorsoft 2026 Knit Fabric Cover (Seaglass Green),74.99,74.99,0,IT
7338083582153,40429711425737,kindle-paperwhite-colorsoft-2026-knit-fabric-cover-fig,Kindle Paperwhite/Colorsoft 2026 Knit Fabric Cover (Fig),74.99,74.99,0,IT
7338083483849,40429711327433,kindle-paperwhite-colorsoft-2026-knit-fabric-cover-graphite,Kindle Paperwhite/Colorsoft 2026 Knit Fabric Cover (Graphite),74.99,74.99,0,IT
7338083090633,40429710934217,kindle-6-12th-gen-aluminium-slim-cover-seaglass-green,"Kindle 6"" 12th Gen Aluminium Slim Cover (Seaglass Green)",84.99,84.99,0,IT
7338082369737,40429710213321,kindle-6-12th-gen-knit-fabric-cover-graphite,"Kindle 6"" 12th Gen Knit Fabric Cover (Graphite)",64.99,64.99,0,IT
7338083123401,40429710966985,kindle-6-12th-gen-aluminium-slim-cover-graphite,"Kindle 6"" 12th Gen Aluminium Slim Cover (Graphite)",84.99,84.99,0,IT
7338082533577,40429710377161,kindle-6-12th-gen-knit-fabric-cover-ube,"Kindle 6"" 12th Gen Knit Fabric Cover (Ube)",64.99,64.99,0,IT
7338082042057,40429709885641,kindle-click-remote-page-turner,Kindle Click Remote Page Turner,64.99,64.99,0,IT
7338076242121,40429703954633,pokemon-tcg-pokemon-tcg-deck-crafters-collection,Pokemon TCG: Deck Crafter’s Collection,24.0,24.0,0,GAMES SOFTWARE
7338076209353,40429703921865,pokemon-tcg-pokemon-tcg-mega-greninja-ex-league-battle-deck,Pokemon TCG: Mega Greninja ex League Battle Deck,72.0,72.0,0,GAMES SOFTWARE
7338081747145,40429709590729,kindle-colorsoft-2nd-gen-signature-edition-7-32gb-ereader,Kindle Colorsoft 2nd Gen Signature Edition 7” 32GB eReader,609.0,609.0,0,IT
7338081714377,40429709557961,kindle-colorsoft-2nd-gen-7-16gb-ereader,Kindle Colorsoft 2nd Gen 7” 16GB eReader,549.0,549.0,0,IT
7338081681609,40429709525193,kindle-paperwhite-13th-gen-signature-edition-7-32gb-ereader,Kindle Paperwhite 13th Gen Signature Edition 7” 32GB eReader,489.0,489.0,0,IT
7338081648841,40429709492425,kindle-paperwhite-13th-gen-7-16gb-ereader,Kindle Paperwhite 13th Gen 7” 16GB eReader,449.0,449.0,0,IT
7338081616073,40429709459657,kindle-12th-gen-6-aluminium-32gb-ereader-seaglass-green,"Kindle 12th Gen 6"" Aluminium 32GB eReader (Seaglass Green)",364.0,364.0,0,IT
7338043408585,40429667254473,ps5-playstation-5-dualsense-wireless-controller-lisa-limited-edition,PS5 PlayStation 5 DualSense Wireless Controller (LISA Limited Edition),149.0,149.0,0,GAMES HARDWARE
7338081583305,40429709426889,kindle-12th-gen-6-16gb-ereader-ube,Kindle 12th Gen 6” 16GB eReader (Ube),339.0,339.0,0,IT
7338081550537,40429709394121,kindle-12th-gen-6-16gb-ereader-graphite,Kindle 12th Gen 6” 16GB eReader (Graphite),339.0,339.0,0,IT
7204530946122,40365502562378,apple-tv-4k-wi-fi-64gb-2022,Apple TV 4K Wi-Fi 64GB [2022],429.0,429.0,0,COMPUTERS
7338027090121,40429643464905,vinyl-dean-olivia-the-art-of-loving-australia-new-zealand-tour-edition-clear-vinyl-lp-colour-may-vary,The Art Of Loving (Australia / New Zealand Tour Edition Clear Vinyl),91.99,91.99,0,MUSIC
7332953686217,40422063079625,apple-iphone-16-plus-256gb-pink,Apple iPhone 16 Plus 256GB (Pink),1897.0,1897.0,0,COMMUNICATIONS
7338077651145,40429705363657,cd-take-that-dreamers-cd,Dreamers,32.99,32.99,0,MUSIC
7338078699721,40429706445001,qanba-ruby-arcade-controller-carbon-fiber-black,Qanba Ruby Arcade Controller (Carbon Fiber Black),179.0,179.0,0,GAMES HARDWARE
7338078601417,40429706346697,qanba-q4raf-pro-8k-arcade-joystick,Qanba Q4RAF PRO 8K Arcade Joystick,299.0,299.0,0,GAMES HARDWARE
7338077946057,40429705691337,philips-neopix-156-projector,Philips NeoPix 156 Projector,298.0,298.0,0,VISUAL
7337915252937,40429527498953,hisense-c3-ultra-65-300-4k-4000-lumens-rgb-triple-laser-projector,Hisense C3 Ultra 65''-300'' 4K 4000 Lumens RGB Triple Laser Projector,4998.0,4998.0,0,VISUAL
7337244917961,40428812402889,laser-1080p-fhd-smart-usb-c-portable-projector-white,Laser 1080P FHD Smart USB-C Portable Projector (White),298.0,298.0,0,VISUAL
7337241149641,40428808634569,laser-720p-hd-usb-powered-smart-portable-projector,Laser 720p HD USB-Powered Smart Portable Projector,198.0,198.0,0,VISUAL
7337240789193,40428808274121,laser-720p-hd-portable-projector,Laser 720p HD Portable Projector,98.0,98.0,0,VISUAL
7336642609353,40428122308809,xgimi-mogo-2-pro-full-hd-portable-google-tv-projector,XGIMI Mogo 2 Pro Full HD Portable Google TV Projector,1198.0,1198.0,0,VISUAL
7336262861001,40427714445513,dreame-l50s-pro-ultra-robot-vacuum-cleaner,Dreame L50s Pro Ultra Robot Vacuum Cleaner,2499.0,2499.0,0,SMALL APPLIANCES
7338073751753,40429700907209,pivot-530-3-way-4-section-tripod-black,Pivot 530 3-Way 4 Section Tripod (Black),59.99,59.99,0,CAMERAS
7332194091209,40421238702281,monopoly-beetlejuice-board-games,Monopoly - Beetlejuice,69.99,69.99,0,MOVIES
7332026548425,40421071159497,top-trumps-christchurch-board-games,Top Trumps Christchurch,12.99,12.99,0,MOVIES
7332015374537,40421059756233,marvel-cinematic-quiz-card-games,Marvel Cinematic Quiz,26.99,26.99,0,MOVIES
7332014489801,40421058871497,trivial-pursuit-breaking-bad-bite-size-board-games,Trivial Pursuit - Breaking Bad (Bite Size),39.99,39.99,0,MOVIES
7332013736137,40421058117833,cluedo-batman-board-games,Cluedo - Batman,69.99,69.99,0,MOVIES
7332014555337,40421058937033,top-trumps-disney-classics-card-games,Top Trumps - Disney Classics,9.99,9.99,0,MOVIES
7332014457033,40421058838729,trivial-pursuit-batman-bite-size-board-games,Trivial Pursuit - Batman (Bite Size),39.99,39.99,0,MOVIES
7333003034825,40422112690377,sunbeam-sdp2000bk-frappe-iced-hot-coffee-maker,Sunbeam SDP2000BK Frappe Iced & Hot Coffee Maker,147.0,147.0,0,SMALL APPLIANCES
7337466888393,40429054197961,sandisk-extreme-go-sdxc-uhs-i-card-512gb,SanDisk Extreme GO SDXC UHS-I Card (512GB),519.0,519.0,0,IT
7337456697545,40429043974345,sandisk-extreme-go-microsdxc-uhs-i-card-128gb,SanDisk Extreme GO MicroSDXC UHS-I Card (128GB),109.99,109.99,0,IT
7338068410569,40429693075657,insta360-foldable-selfie-stick,Insta360 Foldable Selfie stick,109.99,109.99,0,CAMERAS
7338068279497,40429692944585,insta360-x6-power-selfie-stick,Insta360 X6 Power Selfie Stick,149.99,149.99,0,CAMERAS
7338068148425,40429692813513,panzerglass-front-screen-protector-for-iphone-duo-frame-fit-with-fastfit-in-a-box,PanzerGlass® Front Screen Protector for iPhone Duo (FRAME FIT with FASTFIT IN-A-BOX),59.99,59.99,0,ACCESSORIES
7334792691913,40426164486345,jurassic-park-remastered-1993-4k-ultra-hd,Jurassic Park (Remastered),40.98,40.98,0,MOVIES
7338068050121,40429692715209,panzerglass-2-way-privacy-front-screen-protector-for-iphone-duo-frame-fit-with-fastfit-in-a-box,PanzerGlass 2-Way Privacy Front Screen Protector for iPhone Duo (FRAME FIT with FASTFIT IN-A-BOX),69.99,69.99,0,ACCESSORIES
7333969854665,40425295085769,blade-runner-1982-4k-ultra-hd,Blade Runner,40.98,40.98,0,MOVIES
7210017816650,40368981737546,vinyl-spencer-leon-where-im-coming-from-vinyl-lp,Where I'm Coming From (Vinyl),54.99,54.99,0,MUSIC
7336440627401,40427909316809,hisense-100-q7snz-4k-hi-qled-smart-tv-2026,"Hisense 100"" Q7SNZ 4K Hi-QLED Smart TV [2026]",5982.0,5982.0,0,VISUAL
7337294168265,40428866109641,delonghi-rivelia-start-fully-automatic-coffee-machine,De'Longhi Rivelia Start Fully Automatic Coffee Machine,1699.0,1699.0,0,SMALL APPLIANCES
7337418227913,40429000655049,dreame-x60-ultra-robot-vacuum-cleaner,Dreame X60 Ultra Robot Vacuum Cleaner,3299.0,3299.0,0,SMALL APPLIANCES
7334947913929,40426328621257,msi-cyborg-15-15-6-fhd-144hz-gaming-laptop-intel-core-7-geforce-rtx-5050,"MSI Cyborg 15 15.6"" FHD 144Hz Gaming Laptop (Intel Core 7) [GeForce RTX 5050]",2297.0,2147.0,6.53,COMPUTERS
7337808724169,40429416513737,bose-quietcomfort-ultra-noise-cancelling-headphones-gen-2-olive-green,Bose QuietComfort Ultra Noise Cancelling Headphones Gen 2 (Olive Green),729.0,729.0,0,AUDIO
7337794961609,40429402620105,bose-quietcomfort-headphones-gen-2-sky-pink,Bose QuietComfort Headphones Gen 2 (Sky Pink),599.95,599.95,0,AUDIO
7337795092681,40429402751177,bose-ultra-open-earbuds-2nd-gen-sky-pink,Bose Ultra Open Earbuds 2nd Gen (Sky Pink),499.99,499.99,0,AUDIO
7337808756937,40429416546505,bose-quietcomfort-ultra-noise-cancelling-headphones-gen-2-cherry-chocolate,Bose QuietComfort Ultra Noise Cancelling Headphones Gen 2 (Cherry Chocolate),729.0,729.0,0,AUDIO
7338063954121,40429688062153,pelican-protector-case-for-iphone-iphone17-pro-max-18-pro-maxclear,Pelican Protector Case for iPhone iPhone17 Pro Max/18 Pro Max(Clear),89.99,89.99,0,ACCESSORIES
7338063921353,40429688029385,pelican-protector-case-for-iphone-iphone17-pro-18-pro-clear,Pelican Protector Case for iPhone iPhone17 Pro/18 Pro (Clear),89.99,89.99,0,ACCESSORIES
7338063888585,40429687996617,uag-monarch-pro-case-for-iphone-17-pro-18-pro-carbon-fiber,UAG Monarch Pro Case for iPhone 17 Pro /18 Pro (Carbon Fiber),129.99,129.99,0,ACCESSORIES
7338063855817,40429687963849,uag-monarch-pro-case-for-iphone-17-pro-max-18-pro-max-carbon-fiber,UAG Monarch Pro Case for iPhone 17 Pro Max/18 Pro Max (Carbon Fiber),129.99,129.99,0,ACCESSORIES
7338063823049,40429687931081,care-by-panzer-urban-explorer-case-for-iphone-17-pro-18-pro-clear-white,CARE by Panzer Urban Explorer Case for iPhone 17 Pro/18 Pro (Clear/White),49.99,49.99,0,ACCESSORIES
7338063790281,40429687898313,care-by-panzer-urban-explorer-case-for-iphone-17-pro-max-18-pro-max-clear-white,CARE by Panzer Urban Explorer Case for iPhone 17 Pro Max/18 Pro Max (Clear/White),49.99,49.99,0,ACCESSORIES
7338063626441,40429687734473,panzerglass-hoops-camera-lens-protector-for-iphone-duo-clear,PanzerGlass Hoops Camera Lens Protector for iPhone Duo (Clear),24.99,24.99,0,ACCESSORIES
7338063528137,40429687636169,care-by-panzer-sl1m-case-for-iphone-duo-clear,CARE by Panzer SL1M Case for iPhone Duo (Clear),69.99,69.99,0,ACCESSORIES
7338063462601,40429687570633,care-by-panzer-sl1m-case-for-iphone-17-pro-18-pro-clear,CARE by Panzer SL1M Case for iPhone 17 Pro/18 Pro (Clear),49.99,49.99,0,ACCESSORIES
7338063429833,40429687537865,care-by-panzer-sl1m-case-for-iphone-17-pro-max-18-pro-max-clear,CARE by Panzer SL1M Case for iPhone 17 Pro Max/18 Pro Max (Clear),49.99,49.99,0,ACCESSORIES
7337857384649,40429467304137,3sixt-double-defence-case-for-iphone-17-pro-18-pro-black,3sixT Double Defence Case for iPhone 17 Pro /18 Pro (Black),79.99,79.99,0,ACCESSORIES
7337857351881,40429467271369,3sixt-double-defence-case-for-iphone-17-pro-max-18-pro-max-black,3sixT Double Defence Case for iPhone 17 Pro Max/18 Pro Max (Black),79.99,79.99,0,ACCESSORIES
7337969352905,40429582549193,belkin-boostcharge-compact-usb-c-wall-charger-30w-with-usb-c-cable-blue,Belkin BoostCharge Compact USB-C Wall Charger 30W with USB-C Cable (Blue),59.99,59.99,0,ACCESSORIES
7337969320137,40429582516425,belkin-boostcharge-compact-usb-c-wall-charger-30w-with-usb-c-cable-silver,Belkin BoostCharge Compact USB-C Wall Charger 30W with USB-C Cable (Silver),59.99,59.99,0,ACCESSORIES
7338047045833,40429671088329,keychron-g6-he-8k-ultralight-wireless-mouse-white,Keychron G6 HE 8K UltraLight Wireless Mouse (White),189.0,189.0,0,GAMES HARDWARE
7338047013065,40429671055561,keychron-g6-he-8k-ultralight-wireless-mouse-lavender,Keychron G6 HE 8K UltraLight Wireless Mouse (Lavender),189.0,189.0,0,GAMES HARDWARE
7338046980297,40429671022793,keychron-g6-he-8k-ultralight-wireless-mouse-pink,Keychron G6 HE 8K UltraLight Wireless Mouse (Pink),189.0,189.0,0,GAMES HARDWARE
7338046947529,40429670990025,keychron-g6-he-8k-ultralight-wireless-mouse-ice,Keychron G6 HE 8K UltraLight Wireless Mouse (Ice),189.0,189.0,0,GAMES HARDWARE
7338046914761,40429670957257,keychron-g6-he-8k-ultralight-wireless-mouse-mint,Keychron G6 HE 8K UltraLight Wireless Mouse (Mint),189.0,189.0,0,GAMES HARDWARE
7338046881993,40429670924489,keychron-g6-he-8k-ultralight-wireless-mouse-smoke,Keychron G6 HE 8K UltraLight Wireless Mouse (Smoke),189.0,189.0,0,GAMES HARDWARE
7338046849225,40429670891721,keychron-g6-he-8k-ultralight-wireless-mouse-black,Keychron G6 HE 8K UltraLight Wireless Mouse (Black),189.0,189.0,0,GAMES HARDWARE
7338044752073,40429668794569,cd-orangefarm-motoring-for-beginners-cd,Motoring For Beginners,29.99,29.99,0,MUSIC
7337937600713,40429550174409,8bitdo-ultimate-2-bluetooth-controller-black,8BitDo Ultimate 2 Bluetooth Controller (Black),119.0,119.0,0,GAMES HARDWARE
7332469801161,40421568315593,bless-this-house-series-1-6-1971-dvd,Bless This House -  Series 1-6,94.98,94.98,0,MOVIES
7206883786826,40367142502474,bottom-tier-character-tomozaki-the-complete-season-2021-blu-ray,Bottom-Tier Character Tomozaki - The Complete Season,62.98,62.98,0,MOVIES
7206809174090,40367075393610,fire-force-season-2-part-2-limited-edition-blu-ray,Fire Force - Season 2 Part 2 (Limited Edition),105.98,105.98,0,MOVIES
7204519608394,40365493682250,boruto-naruto-next-generations-part-7-2018-blu-ray,Boruto: Naruto Next Generations Part 7,52.98,52.98,0,MOVIES
7204478091338,40365459898442,finke-there-and-back-2018-blu-ray,Finke: There and Back,30.98,30.98,0,MOVIES
7337937502409,40429550076105,nintendo-switch-2-game-traveler-deluxe-travel-case,Nintendo Switch 2 Game Traveler Deluxe Travel Case,39.0,39.0,0,GAMES HARDWARE
7337240232137,40428807291081,michael-steelbook-2026-4k-ultra-hd-blu-ray,Michael (Steelbook),94.98,94.98,0,MOVIES
7333298798793,40424588378313,baron-the-the-feature-films-imprint-collection-limited-edition-1966-blu-ray,"Baron, The: The Feature Films (Imprint Collection Limited Edition)",75.98,75.98,0,MOVIES
7332986224841,40422095847625,evangelion-3-33-you-can-not-redo-2012-blu-ray-1,Evangelion 3.33 - You Can (Not) Redo,37.98,37.98,0,MOVIES
7332236787913,40421329993929,children-of-heaven-imprint-collection-special-edition-1997-blu-ray,Children Of Heaven (Imprint Collection Special Edition),34.98,34.98,0,MOVIES
7210693132362,40369445339210,boruto-naruto-next-generations-part-11-2019-dvd,Boruto: Naruto Next Generations Part 11,50.98,50.98,0,MOVIES
7204506271818,40365483491402,fairy-tail-final-season-collection-25-2018-dvd,Fairy Tail: Final Season - Collection 25,49.98,49.98,0,MOVIES
7332030251209,40421074862281,communion-special-edition-1989-blu-ray,Communion - Special Edition,37.98,37.98,0,MOVIES
7337937469641,40429550043337,crkd-gibson-les-paul-black-encore-edition-guitar-controller-og-neck,CRKD Gibson Les Paul Black Encore Edition Guitar Controller (OG Neck),229.0,229.0,0,GAMES HARDWARE
7332765991113,40421867258057,banning-imprint-collection-special-edition-1967-blu-ray,Banning (Imprint Collection Special Edition),34.98,34.98,0,MOVIES
7232943685706,40387115941962,film-focus-jennifer-connelly-1991-blu-ray,Film Focus: Jennifer Connelly,90.98,90.98,0,MOVIES
